{"cameraMode":{"drawMode":0,"name":"Shaded","section":"Shading Mode"},"sceneLighting":true,"audioPlay":false,"sceneViewState":{"m_AlwaysRefresh":false,"showFog":true,"showSkybox":true,"showFlares":true,"showImageEffects":true,"showParticleSystems":true,"showVisualEffectGraphs":true,"m_FxEnabled":true},"in2DMode":false,"pivot":{"x":0.7444734573364258,"y":2.8040390014648439,"z":-12.572163581848145},"rotation":{"x":-0.1930573433637619,"y":0.1558537781238556,"z":-0.031075119972229005,"w":-0.9682361483573914},"size":0.8979181051254273,"orthographic":false}